1,サーナイト1,https://www.pokemon-card.com/assets/images/card_images/large/SV1S/042574_P_SANAITOEX.jpg
2,サーナイト2,https://www.pokemon-card.com/assets/images/card_images/large/SV1S/042574_P_SANAITOEX.jpg
3,サーナイト3,https://www.pokemon-card.com/assets/images/card_images/large/SV1S/042574_P_SANAITOEX.jpg
4,サーナイト4,https://www.pokemon-card.com/assets/images/card_images/large/SV1S/042574_P_SANAITOEX.jpg
5,サーナイト5,https://www.pokemon-card.com/assets/images/card_images/large/SV1S/042574_P_SANAITOEX.jpg
6,サーナイト6,https://www.pokemon-card.com/assets/images/card_images/large/SV1S/042574_P_SANAITOEX.jpg
7,サーナイト7,https://www.pokemon-card.com/assets/images/card_images/large/SV1S/042574_P_SANAITOEX.jpg
8,サーナイト8,https://www.pokemon-card.com/assets/images/card_images/large/SV1S/042574_P_SANAITOEX.jpg
9,サーナイト9,https://www.pokemon-card.com/assets/images/card_images/large/SV1S/042574_P_SANAITOEX.jpg
10,サーナイト10,https://www.pokemon-card.com/assets/images/card_images/large/SV1S/042574_P_SANAITOEX.jpg
11,サーナイト11,https://www.pokemon-card.com/assets/images/card_images/large/SV1S/042574_P_SANAITOEX.jpg
12,サーナイト12,https://www.pokemon-card.com/assets/images/card_images/large/SV1S/042574_P_SANAITOEX.jpg
13,サーナイト13,https://www.pokemon-card.com/assets/images/card_images/large/SV1S/042574_P_SANAITOEX.jpg
14,サーナイト14,https://www.pokemon-card.com/assets/images/card_images/large/SV1S/042574_P_SANAITOEX.jpg
15,サーナイト15,https://www.pokemon-card.com/assets/images/card_images/large/SV1S/042574_P_SANAITOEX.jpg
16,サーナイト16,https://www.pokemon-card.com/assets/images/card_images/large/SV1S/042574_P_SANAITOEX.jpg
17,サーナイト17,https://www.pokemon-card.com/assets/images/card_images/large/SV1S/042574_P_SANAITOEX.jpg
18,サーナイト18,https://www.pokemon-card.com/assets/images/card_images/large/SV1S/042574_P_SANAITOEX.jpg
19,サーナイト19,https://www.pokemon-card.com/assets/images/card_images/large/SV1S/042574_P_SANAITOEX.jpg
20,サーナイト20,https://www.pokemon-card.com/assets/images/card_images/large/SV1S/042574_P_SANAITOEX.jpg
21,サーナイト21,https://www.pokemon-card.com/assets/images/card_images/large/SV1S/042574_P_SANAITOEX.jpg
22,サーナイト22,https://www.pokemon-card.com/assets/images/card_images/large/SV1S/042574_P_SANAITOEX.jpg
23,サーナイト23,https://www.pokemon-card.com/assets/images/card_images/large/SV1S/042574_P_SANAITOEX.jpg
24,サーナイト24,https://www.pokemon-card.com/assets/images/card_images/large/SV1S/042574_P_SANAITOEX.jpg
25,サーナイト25,https://www.pokemon-card.com/assets/images/card_images/large/SV1S/042574_P_SANAITOEX.jpg
26,サーナイト26,https://www.pokemon-card.com/assets/images/card_images/large/SV1S/042574_P_SANAITOEX.jpg
27,サーナイト27,https://www.pokemon-card.com/assets/images/card_images/large/SV1S/042574_P_SANAITOEX.jpg
28,サーナイト28,https://www.pokemon-card.com/assets/images/card_images/large/SV1S/042574_P_SANAITOEX.jpg
29,サーナイト29,https://www.pokemon-card.com/assets/images/card_images/large/SV1S/042574_P_SANAITOEX.jpg
30,サーナイト30,https://www.pokemon-card.com/assets/images/card_images/large/SV1S/042574_P_SANAITOEX.jpg
31,サーナイト31,https://www.pokemon-card.com/assets/images/card_images/large/SV1S/042574_P_SANAITOEX.jpg
32,サーナイト32,https://www.pokemon-card.com/assets/images/card_images/large/SV1S/042574_P_SANAITOEX.jpg
33,サーナイト33,https://www.pokemon-card.com/assets/images/card_images/large/SV1S/042574_P_SANAITOEX.jpg
34,サーナイト34,https://www.pokemon-card.com/assets/images/card_images/large/SV1S/042574_P_SANAITOEX.jpg
35,サーナイト35,https://www.pokemon-card.com/assets/images/card_images/large/SV1S/042574_P_SANAITOEX.jpg
36,サーナイト36,https://www.pokemon-card.com/assets/images/card_images/large/SV1S/042574_P_SANAITOEX.jpg
37,サーナイト37,https://www.pokemon-card.com/assets/images/card_images/large/SV1S/042574_P_SANAITOEX.jpg
38,サーナイト38,https://www.pokemon-card.com/assets/images/card_images/large/SV1S/042574_P_SANAITOEX.jpg
39,サーナイト39,https://www.pokemon-card.com/assets/images/card_images/large/SV1S/042574_P_SANAITOEX.jpg
40,サーナイト40,https://www.pokemon-card.com/assets/images/card_images/large/SV1S/042574_P_SANAITOEX.jpg
41,サーナイト41,https://www.pokemon-card.com/assets/images/card_images/large/SV1S/042574_P_SANAITOEX.jpg
42,サーナイト42,https://www.pokemon-card.com/assets/images/card_images/large/SV1S/042574_P_SANAITOEX.jpg
43,サーナイト43,https://www.pokemon-card.com/assets/images/card_images/large/SV1S/042574_P_SANAITOEX.jpg
44,サーナイト44,https://www.pokemon-card.com/assets/images/card_images/large/SV1S/042574_P_SANAITOEX.jpg
45,サーナイト45,https://www.pokemon-card.com/assets/images/card_images/large/SV1S/042574_P_SANAITOEX.jpg
46,サーナイト46,https://www.pokemon-card.com/assets/images/card_images/large/SV1S/042574_P_SANAITOEX.jpg
47,サーナイト47,https://www.pokemon-card.com/assets/images/card_images/large/SV1S/042574_P_SANAITOEX.jpg
48,サーナイト48,https://www.pokemon-card.com/assets/images/card_images/large/SV1S/042574_P_SANAITOEX.jpg
49,サーナイト49,https://www.pokemon-card.com/assets/images/card_images/large/SV1S/042574_P_SANAITOEX.jpg
50,サーナイト50,https://www.pokemon-card.com/assets/images/card_images/large/SV1S/042574_P_SANAITOEX.jpg
51,サーナイト51,https://www.pokemon-card.com/assets/images/card_images/large/SV1S/042574_P_SANAITOEX.jpg
52,サーナイト52,https://www.pokemon-card.com/assets/images/card_images/large/SV1S/042574_P_SANAITOEX.jpg
53,サーナイト53,https://www.pokemon-card.com/assets/images/card_images/large/SV1S/042574_P_SANAITOEX.jpg
54,サーナイト54,https://www.pokemon-card.com/assets/images/card_images/large/SV1S/042574_P_SANAITOEX.jpg
55,サーナイト55,https://www.pokemon-card.com/assets/images/card_images/large/SV1S/042574_P_SANAITOEX.jpg
56,サーナイト56,https://www.pokemon-card.com/assets/images/card_images/large/SV1S/042574_P_SANAITOEX.jpg
57,サーナイト57,https://www.pokemon-card.com/assets/images/card_images/large/SV1S/042574_P_SANAITOEX.jpg
58,サーナイト58,https://www.pokemon-card.com/assets/images/card_images/large/SV1S/042574_P_SANAITOEX.jpg
59,サーナイト59,https://www.pokemon-card.com/assets/images/card_images/large/SV1S/042574_P_SANAITOEX.jpg
60,サーナイト60,https://www.pokemon-card.com/assets/images/card_images/large/SV1S/042574_P_SANAITOEX.jpg
61,サーナイト61,https://www.pokemon-card.com/assets/images/card_images/large/SV1S/042574_P_SANAITOEX.jpg
62,サーナイト62,https://www.pokemon-card.com/assets/images/card_images/large/SV1S/042574_P_SANAITOEX.jpg
63,サーナイト63,https://www.pokemon-card.com/assets/images/card_images/large/SV1S/042574_P_SANAITOEX.jpg
64,サーナイト64,https://www.pokemon-card.com/assets/images/card_images/large/SV1S/042574_P_SANAITOEX.jpg
65,サーナイト65,https://www.pokemon-card.com/assets/images/card_images/large/SV1S/042574_P_SANAITOEX.jpg
66,サーナイト66,https://www.pokemon-card.com/assets/images/card_images/large/SV1S/042574_P_SANAITOEX.jpg
67,サーナイト67,https://www.pokemon-card.com/assets/images/card_images/large/SV1S/042574_P_SANAITOEX.jpg
68,サーナイト68,https://www.pokemon-card.com/assets/images/card_images/large/SV1S/042574_P_SANAITOEX.jpg
69,サーナイト69,https://www.pokemon-card.com/assets/images/card_images/large/SV1S/042574_P_SANAITOEX.jpg
70,サーナイト70,https://www.pokemon-card.com/assets/images/card_images/large/SV1S/042574_P_SANAITOEX.jpg
71,サーナイト71,https://www.pokemon-card.com/assets/images/card_images/large/SV1S/042574_P_SANAITOEX.jpg
72,サーナイト72,https://www.pokemon-card.com/assets/images/card_images/large/SV1S/042574_P_SANAITOEX.jpg
73,サーナイト73,https://www.pokemon-card.com/assets/images/card_images/large/SV1S/042574_P_SANAITOEX.jpg
74,サーナイト74,https://www.pokemon-card.com/assets/images/card_images/large/SV1S/042574_P_SANAITOEX.jpg
75,サーナイト75,https://www.pokemon-card.com/assets/images/card_images/large/SV1S/042574_P_SANAITOEX.jpg
76,サーナイト76,https://www.pokemon-card.com/assets/images/card_images/large/SV1S/042574_P_SANAITOEX.jpg
77,サーナイト77,https://www.pokemon-card.com/assets/images/card_images/large/SV1S/042574_P_SANAITOEX.jpg
78,サーナイト78,https://www.pokemon-card.com/assets/images/card_images/large/SV1S/042574_P_SANAITOEX.jpg
79,サーナイト79,https://www.pokemon-card.com/assets/images/card_images/large/SV1S/042574_P_SANAITOEX.jpg
80,サーナイト80,https://www.pokemon-card.com/assets/images/card_images/large/SV1S/042574_P_SANAITOEX.jpg
81,サーナイト81,https://www.pokemon-card.com/assets/images/card_images/large/SV1S/042574_P_SANAITOEX.jpg
82,サーナイト82,https://www.pokemon-card.com/assets/images/card_images/large/SV1S/042574_P_SANAITOEX.jpg
83,サーナイト83,https://www.pokemon-card.com/assets/images/card_images/large/SV1S/042574_P_SANAITOEX.jpg
84,サーナイト84,https://www.pokemon-card.com/assets/images/card_images/large/SV1S/042574_P_SANAITOEX.jpg
85,サーナイト85,https://www.pokemon-card.com/assets/images/card_images/large/SV1S/042574_P_SANAITOEX.jpg
86,サーナイト86,https://www.pokemon-card.com/assets/images/card_images/large/SV1S/042574_P_SANAITOEX.jpg
87,サーナイト87,https://www.pokemon-card.com/assets/images/card_images/large/SV1S/042574_P_SANAITOEX.jpg
88,サーナイト88,https://www.pokemon-card.com/assets/images/card_images/large/SV1S/042574_P_SANAITOEX.jpg
89,サーナイト89,https://www.pokemon-card.com/assets/images/card_images/large/SV1S/042574_P_SANAITOEX.jpg
90,サーナイト90,https://www.pokemon-card.com/assets/images/card_images/large/SV1S/042574_P_SANAITOEX.jpg
91,サーナイト91,https://www.pokemon-card.com/assets/images/card_images/large/SV1S/042574_P_SANAITOEX.jpg
92,サーナイト92,https://www.pokemon-card.com/assets/images/card_images/large/SV1S/042574_P_SANAITOEX.jpg
93,サーナイト93,https://www.pokemon-card.com/assets/images/card_images/large/SV1S/042574_P_SANAITOEX.jpg
94,サーナイト94,https://www.pokemon-card.com/assets/images/card_images/large/SV1S/042574_P_SANAITOEX.jpg
95,サーナイト95,https://www.pokemon-card.com/assets/images/card_images/large/SV1S/042574_P_SANAITOEX.jpg
96,サーナイト96,https://www.pokemon-card.com/assets/images/card_images/large/SV1S/042574_P_SANAITOEX.jpg
97,サーナイト97,https://www.pokemon-card.com/assets/images/card_images/large/SV1S/042574_P_SANAITOEX.jpg
98,サーナイト98,https://www.pokemon-card.com/assets/images/card_images/large/SV1S/042574_P_SANAITOEX.jpg
99,サーナイト99,https://www.pokemon-card.com/assets/images/card_images/large/SV1S/042574_P_SANAITOEX.jpg
100,サーナイト100,https://www.pokemon-card.com/assets/images/card_images/large/SV1S/042574_P_SANAITOEX.jpg
